{
    "final_avg": 0.8377777777777778,
    "bwt": -0.052857142857142846,
    "matrix": [
        [
            0.9966666666666667,
            0.0,
            0.0,
            0.0,
            0.0,
            0.0,
            0.0,
            0.0,
            0.0,
            0.0,
            0.0,
            0.0,
            0.0,
            0.0,
            0.0
        ],
        [
            0.9866666666666667,
            0.94,
            0.0,
            0.0,
            0.0,
            0.0,
            0.0,
            0.0,
            0.0,
            0.0,
            0.0,
            0.0,
            0.0,
            0.0,
            0.0
        ],
        [
            0.9933333333333333,
            0.91,
            0.96,
            0.0,
            0.0,
            0.0,
            0.0,
            0.0,
            0.0,
            0.0,
            0.0,
            0.0,
            0.0,
            0.0,
            0.0
        ],
        [
            0.98,
            0.8733333333333333,
            0.94,
            0.94,
            0.0,
            0.0,
            0.0,
            0.0,
            0.0,
            0.0,
            0.0,
            0.0,
            0.0,
            0.0,
            0.0
        ],
        [
            0.9833333333333333,
            0.86,
            0.94,
            0.9466666666666667,
            0.9366666666666666,
            0.0,
            0.0,
            0.0,
            0.0,
            0.0,
            0.0,
            0.0,
            0.0,
            0.0,
            0.0
        ],
        [
            0.9733333333333334,
            0.8866666666666667,
            0.9433333333333334,
            0.9366666666666666,
            0.9133333333333333,
            0.8766666666666667,
            0.0,
            0.0,
            0.0,
            0.0,
            0.0,
            0.0,
            0.0,
            0.0,
            0.0
        ],
        [
            0.97,
            0.8533333333333334,
            0.9366666666666666,
            0.92,
            0.9133333333333333,
            0.8766666666666667,
            0.9233333333333333,
            0.0,
            0.0,
            0.0,
            0.0,
            0.0,
            0.0,
            0.0,
            0.0
        ],
        [
            0.9733333333333334,
            0.8433333333333334,
            0.9233333333333333,
            0.9366666666666666,
            0.9166666666666666,
            0.8666666666666667,
            0.9266666666666666,
            0.8366666666666667,
            0.0,
            0.0,
            0.0,
            0.0,
            0.0,
            0.0,
            0.0
        ],
        [
            0.9766666666666667,
            0.87,
            0.9166666666666666,
            0.9333333333333333,
            0.8933333333333333,
            0.86,
            0.9233333333333333,
            0.8333333333333334,
            0.9466666666666667,
            0.0,
            0.0,
            0.0,
            0.0,
            0.0,
            0.0
        ],
        [
            0.9466666666666667,
            0.8466666666666667,
            0.9166666666666666,
            0.9066666666666666,
            0.9,
            0.83,
            0.92,
            0.83,
            0.9566666666666667,
            0.8233333333333334,
            0.0,
            0.0,
            0.0,
            0.0,
            0.0
        ],
        [
            0.9566666666666667,
            0.85,
            0.93,
            0.9033333333333333,
            0.8566666666666667,
            0.8366666666666667,
            0.9033333333333333,
            0.7933333333333333,
            0.9266666666666666,
            0.8,
            0.8666666666666667,
            0.0,
            0.0,
            0.0,
            0.0
        ],
        [
            0.94,
            0.85,
            0.88,
            0.9033333333333333,
            0.8333333333333334,
            0.8233333333333334,
            0.9066666666666666,
            0.8,
            0.93,
            0.8033333333333333,
            0.8666666666666667,
            0.8166666666666667,
            0.0,
            0.0,
            0.0
        ],
        [
            0.9366666666666666,
            0.86,
            0.8633333333333333,
            0.8933333333333333,
            0.8366666666666667,
            0.81,
            0.9033333333333333,
            0.78,
            0.92,
            0.7833333333333333,
            0.8533333333333334,
            0.79,
            0.78,
            0.0,
            0.0
        ],
        [
            0.93,
            0.8133333333333334,
            0.8833333333333333,
            0.87,
            0.83,
            0.82,
            0.89,
            0.8,
            0.9166666666666666,
            0.7766666666666666,
            0.8533333333333334,
            0.7933333333333333,
            0.79,
            0.7833333333333333,
            0.0
        ],
        [
            0.92,
            0.8266666666666667,
            0.87,
            0.8733333333333333,
            0.79,
            0.79,
            0.8933333333333333,
            0.7933333333333333,
            0.91,
            0.7666666666666667,
            0.8633333333333333,
            0.8166666666666667,
            0.8,
            0.7733333333333333,
            0.88
        ]
    ]
}