{
    "final_avg": 0.8417777777777776,
    "bwt": -0.046190476190476164,
    "matrix": [
        [
            0.9966666666666667,
            0.0,
            0.0,
            0.0,
            0.0,
            0.0,
            0.0,
            0.0,
            0.0,
            0.0,
            0.0,
            0.0,
            0.0,
            0.0,
            0.0
        ],
        [
            0.9966666666666667,
            0.94,
            0.0,
            0.0,
            0.0,
            0.0,
            0.0,
            0.0,
            0.0,
            0.0,
            0.0,
            0.0,
            0.0,
            0.0,
            0.0
        ],
        [
            0.99,
            0.92,
            0.9533333333333334,
            0.0,
            0.0,
            0.0,
            0.0,
            0.0,
            0.0,
            0.0,
            0.0,
            0.0,
            0.0,
            0.0,
            0.0
        ],
        [
            0.9833333333333333,
            0.8933333333333333,
            0.9566666666666667,
            0.9433333333333334,
            0.0,
            0.0,
            0.0,
            0.0,
            0.0,
            0.0,
            0.0,
            0.0,
            0.0,
            0.0,
            0.0
        ],
        [
            0.98,
            0.8733333333333333,
            0.9433333333333334,
            0.9533333333333334,
            0.9066666666666666,
            0.0,
            0.0,
            0.0,
            0.0,
            0.0,
            0.0,
            0.0,
            0.0,
            0.0,
            0.0
        ],
        [
            0.9833333333333333,
            0.87,
            0.94,
            0.9366666666666666,
            0.91,
            0.8866666666666667,
            0.0,
            0.0,
            0.0,
            0.0,
            0.0,
            0.0,
            0.0,
            0.0,
            0.0
        ],
        [
            0.9766666666666667,
            0.8733333333333333,
            0.9533333333333334,
            0.9366666666666666,
            0.9233333333333333,
            0.8866666666666667,
            0.9233333333333333,
            0.0,
            0.0,
            0.0,
            0.0,
            0.0,
            0.0,
            0.0,
            0.0
        ],
        [
            0.9733333333333334,
            0.8733333333333333,
            0.94,
            0.9266666666666666,
            0.9133333333333333,
            0.8866666666666667,
            0.9233333333333333,
            0.84,
            0.0,
            0.0,
            0.0,
            0.0,
            0.0,
            0.0,
            0.0
        ],
        [
            0.9733333333333334,
            0.86,
            0.9266666666666666,
            0.9333333333333333,
            0.9133333333333333,
            0.8733333333333333,
            0.9366666666666666,
            0.84,
            0.9,
            0.0,
            0.0,
            0.0,
            0.0,
            0.0,
            0.0
        ],
        [
            0.9566666666666667,
            0.86,
            0.9266666666666666,
            0.8966666666666666,
            0.9,
            0.8533333333333334,
            0.9133333333333333,
            0.8366666666666667,
            0.9466666666666667,
            0.8033333333333333,
            0.0,
            0.0,
            0.0,
            0.0,
            0.0
        ],
        [
            0.96,
            0.8433333333333334,
            0.9133333333333333,
            0.8866666666666667,
            0.8533333333333334,
            0.8466666666666667,
            0.88,
            0.8066666666666666,
            0.94,
            0.8,
            0.8733333333333333,
            0.0,
            0.0,
            0.0,
            0.0
        ],
        [
            0.9466666666666667,
            0.8466666666666667,
            0.8533333333333334,
            0.9033333333333333,
            0.8533333333333334,
            0.84,
            0.8966666666666666,
            0.7966666666666666,
            0.9133333333333333,
            0.8,
            0.88,
            0.83,
            0.0,
            0.0,
            0.0
        ],
        [
            0.9366666666666666,
            0.85,
            0.8666666666666667,
            0.8866666666666667,
            0.8366666666666667,
            0.8333333333333334,
            0.8866666666666667,
            0.8033333333333333,
            0.9266666666666666,
            0.7933333333333333,
            0.8533333333333334,
            0.81,
            0.7766666666666666,
            0.0,
            0.0
        ],
        [
            0.94,
            0.84,
            0.8566666666666667,
            0.88,
            0.83,
            0.8266666666666667,
            0.8833333333333333,
            0.8,
            0.9266666666666666,
            0.77,
            0.8466666666666667,
            0.8166666666666667,
            0.8133333333333334,
            0.8166666666666667,
            0.0
        ],
        [
            0.93,
            0.8333333333333334,
            0.8666666666666667,
            0.8766666666666667,
            0.81,
            0.82,
            0.8866666666666667,
            0.79,
            0.9266666666666666,
            0.78,
            0.8533333333333334,
            0.7866666666666666,
            0.8266666666666667,
            0.7566666666666667,
            0.8833333333333333
        ]
    ]
}